Segmento,Produto,Cor,Gramatura m²,Preço Avista,10 DD (0.00%),14 DD (0.93%),15 DD (1.00%),14/21 DD (1.13%),10/20/30 DD (1.33%),14/28 DD (1.40%),15/30/45 DD (1.40%),21 DD (1.40%),14/21/28/35 DD (1.60%),21/35 DD (1.87%),28 DD (1.87%),28/35 DD (2.07%),28/35/42 DD (2.33%),28/42 DD (2.33%),28/42/56 DD (2.80%),28/56 DD (2.80%),Prazo 30/45/60 dias (3.00%),Prazo 30/60 dias (4.00%),Prazo 30/60/90 dias (6.00%),BNDES (0.00%)
PVC/OUTDOOR 01/25,SPIN ORBIT,50 - 52 - 72 - 73,375.0,30.6,30.6,30.88,30.91,30.95,31.01,31.03,31.03,31.03,31.09,31.17,31.17,31.23,31.31,31.31,31.46,31.46,31.52,31.82,32.44,30.6
PVC/OUTDOOR 01/25,TELA OUTDOOR,01 - 08 - 30 - 50 - 72 - 74 - 75,816.0,68.25,68.25,68.88,68.93,69.02,69.16,69.21,69.21,69.21,69.34,69.53,69.53,69.66,69.84,69.84,70.16,70.16,70.3,70.98,72.34,68.25
PVC/OUTDOOR 01/25,TELA PVC 100,01 - 08 - 20 - 24 - 25 - 32 - 34 - 36 - 37 - 46 - 50 - 54 - 56 - 59 - 72 - 73 - 74 - 77 - 78 - 79,457.0,31.55,31.55,31.84,31.87,31.91,31.97,31.99,31.99,31.99,32.05,32.14,32.14,32.2,32.29,32.29,32.43,32.43,32.5,32.81,33.44,31.55
PVC/OUTDOOR 01/25,TELA PVC 200,52,411.0,31.55,31.55,31.84,31.87,31.91,31.97,31.99,31.99,31.99,32.05,32.14,32.14,32.2,32.29,32.29,32.43,32.43,32.5,32.81,33.44,31.55
PVC/OUTDOOR 01/25,TELA PVC 300,37 - 56 - 72 - 73 - 74 - 75 - 76,462.0,31.55,31.55,31.84,31.87,31.91,31.97,31.99,31.99,31.99,32.05,32.14,32.14,32.2,32.29,32.29,32.43,32.43,32.5,32.81,33.44,31.55
COLCHAO 01/25,AC ANT FIRE,06 - 74,126.4,16.67,16.67,16.83,16.84,16.86,16.89,16.9,16.9,16.9,16.94,16.98,16.98,17.02,17.06,17.06,17.14,17.14,17.17,17.34,17.67,16.67
COLCHAO 01/25,AC ANT FIRE INV,74,127.8,16.67,16.67,16.83,16.84,16.86,16.89,16.9,16.9,16.9,16.94,16.98,16.98,17.02,17.06,17.06,17.14,17.14,17.17,17.34,17.67,16.67
COLCHAO 01/25,ADVANCE 300,01 - 73,235.8,22.94,22.94,23.15,23.17,23.2,23.25,23.26,23.26,23.26,23.31,23.37,23.37,23.41,23.47,23.47,23.58,23.58,23.63,23.86,24.32,22.94
COLCHAO 01/25,ADVANCE 700,01,238.0,22.94,22.94,23.15,23.17,23.2,23.25,23.26,23.26,23.26,23.31,23.37,23.37,23.41,23.47,23.47,23.58,23.58,23.63,23.86,24.32,22.94
COLCHAO 01/25,ALTIS NW,02 - 34,158.0,18.15,18.15,18.32,18.33,18.36,18.39,18.4,18.4,18.4,18.44,18.49,18.49,18.53,18.57,18.57,18.66,18.66,18.69,18.88,19.24,18.15
COLCHAO 01/25,ARTEMIS NW NAC,09 - 10 - 20 - 22 - 23 - 38 - 50 - 51 - 52 - 53 - 58 - 70 - 72 - 73 - 74 - 75 - 76 - 78 - 79,167.2,17.34,17.34,17.5,17.51,17.54,17.57,17.58,17.58,17.58,17.62,17.66,17.66,17.7,17.74,17.74,17.83,17.83,17.86,18.03,18.38,17.34
COLCHAO 01/25,ARYA,01 - 22 - 52 - 54,255.0,26.51,26.51,26.76,26.78,26.81,26.86,26.88,26.88,26.88,26.93,27.01,27.01,27.06,27.13,27.13,27.25,27.25,27.31,27.57,28.1,26.51
COLCHAO 01/25,ATLANTIC NW,50,229.0,21.45,21.45,21.65,21.66,21.69,21.74,21.75,21.75,21.75,21.79,21.85,21.85,21.89,21.95,21.95,22.05,22.05,22.09,22.31,22.74,21.45
COLCHAO 01/25,ATLANTIC NW,54,228.6,21.45,21.45,21.65,21.66,21.69,21.74,21.75,21.75,21.75,21.79,21.85,21.85,21.89,21.95,21.95,22.05,22.05,22.09,22.31,22.74,21.45
COLCHAO 01/25,ATLANTIC NW,57,228.6,21.45,21.45,21.65,21.66,21.69,21.74,21.75,21.75,21.75,21.79,21.85,21.85,21.89,21.95,21.95,22.05,22.05,22.09,22.31,22.74,21.45
COLCHAO 01/25,BANDE NW,33 - 51 - 52,128.0,13.45,13.45,13.58,13.58,13.6,13.63,13.64,13.64,13.64,13.67,13.7,13.7,13.73,13.76,13.76,13.83,13.83,13.85,13.99,14.26,13.45
COLCHAO 01/25,BARBADOS NW,59 - 73,179.0,17.66,17.66,17.82,17.84,17.86,17.89,17.91,17.91,17.91,17.94,17.99,17.99,18.03,18.07,18.07,18.15,18.15,18.19,18.37,18.72,17.66
COLCHAO 01/25,BRAN,01 - 16 - 22 - 52 - 54,251.0,23.38,23.38,23.6,23.61,23.64,23.69,23.71,23.71,23.71,23.75,23.82,23.82,23.86,23.92,23.92,24.03,24.03,24.08,24.32,24.78,23.38
COLCHAO 01/25,CETIM/76,01 - 50 - 51,132.0,12.63,12.63,12.75,12.76,12.77,12.8,12.81,12.81,12.81,12.83,12.87,12.87,12.89,12.92,12.92,12.98,12.98,13.01,13.14,13.39,12.63
COLCHAO 01/25,CETIM/76 500,41,111.6,12.63,12.63,12.75,12.76,12.77,12.8,12.81,12.81,12.81,12.83,12.87,12.87,12.89,12.92,12.92,12.98,12.98,13.01,13.14,13.39,12.63
COLCHAO 01/25,CETIM/76 BLACK,51,132.0,12.63,12.63,12.75,12.76,12.77,12.8,12.81,12.81,12.81,12.83,12.87,12.87,12.89,12.92,12.92,12.98,12.98,13.01,13.14,13.39,12.63
COLCHAO 01/25,COLONY,01 - 10 - 50 - 51 - 53 - 54 - 70 - 74,201.0,17.58,17.58,17.74,17.76,17.78,17.81,17.83,17.83,17.83,17.86,17.91,17.91,17.94,17.99,17.99,18.07,18.07,18.11,18.28,18.63,17.58
COLCHAO 01/25,COLONY 100,01 - 10 - 51 - 52 - 54 - 74 - 75,203.0,17.58,17.58,17.74,17.76,17.78,17.81,17.83,17.83,17.83,17.86,17.91,17.91,17.94,17.99,17.99,18.07,18.07,18.11,18.28,18.63,17.58
COLCHAO 01/25,COLONY 100,50,2003.0,17.58,17.58,17.74,17.76,17.78,17.81,17.83,17.83,17.83,17.86,17.91,17.91,17.94,17.99,17.99,18.07,18.07,18.11,18.28,18.63,17.58
COLCHAO 01/25,COLONY 300,01 - 52 - 74,200.4,17.58,17.58,17.74,17.76,17.78,17.81,17.83,17.83,17.83,17.86,17.91,17.91,17.94,17.99,17.99,18.07,18.07,18.11,18.28,18.63,17.58
COLCHAO 01/25,COLONY 300,10 - 33 - 50 - 51 - 53 - 54 - 70 - 75,200.4,17.58,17.58,17.74,17.76,17.78,17.81,17.83,17.83,17.83,17.86,17.91,17.91,17.94,17.99,17.99,18.07,18.07,18.11,18.28,18.63,17.58
COLCHAO 01/25,COLONY 300,12 - 15 - 17 - 41,193.5,17.58,17.58,17.74,17.76,17.78,17.81,17.83,17.83,17.83,17.86,17.91,17.91,17.94,17.99,17.99,18.07,18.07,18.11,18.28,18.63,17.58
COLCHAO 01/25,CORONNA 200,09,141.0,15.55,15.55,15.69,15.71,15.73,15.76,15.77,15.77,15.77,15.8,15.84,15.84,15.87,15.91,15.91,15.99,15.99,16.02,16.17,16.48,15.55
COLCHAO 01/25,CORONNA 300,45 - 46,130.0,15.55,15.55,15.69,15.71,15.73,15.76,15.77,15.77,15.77,15.8,15.84,15.84,15.87,15.91,15.91,15.99,15.99,16.02,16.17,16.48,15.55
COLCHAO 01/25,CORONNA 400,06,141.0,15.55,15.55,15.69,15.71,15.73,15.76,15.77,15.77,15.77,15.8,15.84,15.84,15.87,15.91,15.91,15.99,15.99,16.02,16.17,16.48,15.55
COLCHAO 01/25,CORONNA 500,46,126.0,15.55,15.55,15.69,15.71,15.73,15.76,15.77,15.77,15.77,15.8,15.84,15.84,15.87,15.91,15.91,15.99,15.99,16.02,16.17,16.48,15.55
COLCHAO 01/25,CORRIENTE NW,34 - 35 - 39 - 51 - 52 - 55,177.0,13.64,13.64,13.77,13.78,13.79,13.82,13.83,13.83,13.83,13.86,13.9,13.9,13.92,13.96,13.96,14.02,14.02,14.05,14.19,14.46,13.64
COLCHAO 01/25,CURVES NW,54,171.0,17.4,17.4,17.56,17.57,17.6,17.63,17.64,17.64,17.64,17.68,17.73,17.73,17.76,17.81,17.81,17.89,17.89,17.92,18.1,18.44,17.4
COLCHAO 01/25,DAXOS,01 - 16 - 22 - 52 - 54,255.0,23.76,23.76,23.98,24.0,24.03,24.08,24.09,24.09,24.09,24.14,24.2,24.2,24.25,24.31,24.31,24.43,24.43,24.47,24.71,25.19,23.76
COLCHAO 01/25,DREAMS 100,06,136.0,14.62,14.62,14.76,14.77,14.79,14.81,14.82,14.82,14.82,14.85,14.89,14.89,14.92,14.96,14.96,15.03,15.03,15.06,15.2,15.5,14.62
COLCHAO 01/25,DREAMS 300,10 - 45 - 53 - 72,129.0,14.62,14.62,14.76,14.77,14.79,14.81,14.82,14.82,14.82,14.85,14.89,14.89,14.92,14.96,14.96,15.03,15.03,15.06,15.2,15.5,14.62
COLCHAO 01/25,DREAMS 400,06,141.0,14.62,14.62,14.76,14.77,14.79,14.81,14.82,14.82,14.82,14.85,14.89,14.89,14.92,14.96,14.96,15.03,15.03,15.06,15.2,15.5,14.62
COLCHAO 01/25,DREAMS 500,06 - 53 - 72,133.0,14.62,14.62,14.76,14.77,14.79,14.81,14.82,14.82,14.82,14.85,14.89,14.89,14.92,14.96,14.96,15.03,15.03,15.06,15.2,15.5,14.62
COLCHAO 01/25,DREAMS 600,06 - 45 - 53,123.0,14.62,14.62,14.76,14.77,14.79,14.81,14.82,14.82,14.82,14.85,14.89,14.89,14.92,14.96,14.96,15.03,15.03,15.06,15.2,15.5,14.62
COLCHAO 01/25,DREAMS 700,06 - 72,149.0,14.62,14.62,14.76,14.77,14.79,14.81,14.82,14.82,14.82,14.85,14.89,14.89,14.92,14.96,14.96,15.03,15.03,15.06,15.2,15.5,14.62
COLCHAO 01/25,ENV. CIVIC 500 50 INV,,113.0,14.33,14.33,14.46,14.47,14.49,14.52,14.53,14.53,14.53,14.56,14.6,14.6,14.63,14.66,14.66,14.73,14.73,14.76,14.9,15.19,14.33
COLCHAO 01/25,ENV. HOUSTON,50 - 74,111.0,14.33,14.33,14.46,14.47,14.49,14.52,14.53,14.53,14.53,14.56,14.6,14.6,14.63,14.66,14.66,14.73,14.73,14.76,14.9,15.19,14.33
COLCHAO 01/25,ENV. LUGANO,50,119.0,14.33,14.33,14.46,14.47,14.49,14.52,14.53,14.53,14.53,14.56,14.6,14.6,14.63,14.66,14.66,14.73,14.73,14.76,14.9,15.19,14.33
COLCHAO 01/25,ENV. MADISON 500,06,122.0,14.33,14.33,14.46,14.47,14.49,14.52,14.53,14.53,14.53,14.56,14.6,14.6,14.63,14.66,14.66,14.73,14.73,14.76,14.9,15.19,14.33
COLCHAO 01/25,ENV. MEMPHIS 500,06,,14.33,14.33,14.46,14.47,14.49,14.52,14.53,14.53,14.53,14.56,14.6,14.6,14.63,14.66,14.66,14.73,14.73,14.76,14.9,15.19,14.33
COLCHAO 01/25,ENV. NORFOLK 500,06,127.0,14.33,14.33,14.46,14.47,14.49,14.52,14.53,14.53,14.53,14.56,14.6,14.6,14.63,14.66,14.66,14.73,14.73,14.76,14.9,15.19,14.33
COLCHAO 01/25,ENV. SEATLE,50,133.0,14.33,14.33,14.46,14.47,14.49,14.52,14.53,14.53,14.53,14.56,14.6,14.6,14.63,14.66,14.66,14.73,14.73,14.76,14.9,15.19,14.33
COLCHAO 01/25,ENYGMA NW,02 - 83,166.0,15.9,15.9,16.05,16.06,16.08,16.11,16.12,16.12,16.12,16.15,16.2,16.2,16.23,16.27,16.27,16.35,16.35,16.38,16.54,16.85,15.9
COLCHAO 01/25,EURON,01 - 16 - 22 - 52 - 54,252.0,23.76,23.76,23.98,24.0,24.03,24.08,24.09,24.09,24.09,24.14,24.2,24.2,24.25,24.31,24.31,24.43,24.43,24.47,24.71,25.19,23.76
COLCHAO 01/25,JACQUARD 600,10 - 51 - 72,111.0,12.56,12.56,12.68,12.69,12.7,12.73,12.74,12.74,12.74,12.76,12.79,12.79,12.82,12.85,12.85,12.91,12.91,12.94,13.06,13.31,12.56
COLCHAO 01/25,JACQUARD 700,30 - 40 - 51 - 70 - 72,111.0,12.56,12.56,12.68,12.69,12.7,12.73,12.74,12.74,12.74,12.76,12.79,12.79,12.82,12.85,12.85,12.91,12.91,12.94,13.06,13.31,12.56
COLCHAO 01/25,KUPON NW,01 - 21 - 22 - 51 - 55 - 56 - 57 - 70 - 73 - 75 - 79 - 80,171.0,17.4,17.4,17.56,17.57,17.6,17.63,17.64,17.64,17.64,17.68,17.73,17.73,17.76,17.81,17.81,17.89,17.89,17.92,18.1,18.44,17.4
COLCHAO 01/25,KUPON NW,34 - 52 - 53 - 71 - 72 - 78,170.8,17.4,17.4,17.56,17.57,17.6,17.63,17.64,17.64,17.64,17.68,17.73,17.73,17.76,17.81,17.81,17.89,17.89,17.92,18.1,18.44,17.4
COLCHAO 01/25,KUPON NW,54,170.8,17.4,17.4,17.56,17.57,17.6,17.63,17.64,17.64,17.64,17.68,17.73,17.73,17.76,17.81,17.81,17.89,17.89,17.92,18.1,18.44,17.4
COLCHAO 01/25,LE MANS NW,50 - 78,206.6,20.47,20.47,20.66,20.67,20.7,20.74,20.76,20.76,20.76,20.8,20.85,20.85,20.89,20.95,20.95,21.04,21.04,21.08,21.29,21.7,20.47
COLCHAO 01/25,LINUM NW,02 - 22 - 30 - 40 - 51 - 52 - 53 - 54 - 57 - 70 - 71 - 72 - 74 - 77 - 80,156.0,16.53,16.53,16.68,16.7,16.72,16.75,16.76,16.76,16.76,16.79,16.84,16.84,16.87,16.92,16.92,16.99,16.99,17.03,17.19,17.52,16.53
COLCHAO 01/25,LINUM NW,55,156.0,16.53,16.53,16.68,16.7,16.72,16.75,16.76,16.76,16.76,16.79,16.84,16.84,16.87,16.92,16.92,16.99,16.99,17.03,17.19,17.52,16.53
COLCHAO 01/25,LINUM NW BP,50,164.0,16.53,16.53,16.68,16.7,16.72,16.75,16.76,16.76,16.76,16.79,16.84,16.84,16.87,16.92,16.92,16.99,16.99,17.03,17.19,17.52,16.53
COLCHAO 01/25,LISSE NW,33 - 50 - 52 - 53 - 59 - 70 - 75,148.0,15.14,15.14,15.28,15.29,15.31,15.34,15.35,15.35,15.35,15.38,15.42,15.42,15.45,15.49,15.49,15.56,15.56,15.59,15.75,16.05,15.14
COLCHAO 01/25,MF CABO VERDE,01 - 13 - 20 - 41,294.0,22.44,22.44,22.65,22.66,22.69,22.74,22.75,22.75,22.75,22.8,22.86,22.86,22.9,22.96,22.96,23.07,23.07,23.11,23.34,23.79,22.44
COLCHAO 01/25,MF CANARIAS,01 - 13 - 20 - 41,299.0,23.54,23.54,23.76,23.78,23.81,23.85,23.87,23.87,23.87,23.92,23.98,23.98,24.03,24.09,24.09,24.2,24.2,24.25,24.48,24.95,23.54
COLCHAO 01/25,MF LAS PALMAS,01 - 13 - 20 - 41,290.0,23.43,23.43,23.65,23.66,23.69,23.74,23.76,23.76,23.76,23.8,23.87,23.87,23.92,23.98,23.98,24.09,24.09,24.13,24.37,24.84,23.43
COLCHAO 01/25,MF SUMMER,01,195.2,17.63,17.63,17.79,17.81,17.83,17.86,17.88,17.88,17.88,17.91,17.96,17.96,17.99,18.04,18.04,18.12,18.12,18.16,18.34,18.69,17.63
COLCHAO 01/25,MF SUMMER 250,01 - 06 - 40 - 50,197.0,17.63,17.63,17.79,17.81,17.83,17.86,17.88,17.88,17.88,17.91,17.96,17.96,17.99,18.04,18.04,18.12,18.12,18.16,18.34,18.69,17.63
COLCHAO 01/25,MF SUMMER 250,45 - 46,181.0,20.25,20.25,20.44,20.45,20.48,20.52,20.53,20.53,20.53,20.57,20.63,20.63,20.67,20.72,20.72,20.82,20.82,20.86,21.06,21.46,20.25
COLCHAO 01/25,MF SUMMER 450,45 - 46,184.0,20.25,20.25,20.44,20.45,20.48,20.52,20.53,20.53,20.53,20.57,20.63,20.63,20.67,20.72,20.72,20.82,20.82,20.86,21.06,21.46,20.25
COLCHAO 01/25,MF SUMMER 450,50,200.0,17.63,17.63,17.79,17.81,17.83,17.86,17.88,17.88,17.88,17.91,17.96,17.96,17.99,18.04,18.04,18.12,18.12,18.16,18.34,18.69,17.63
COLCHAO 01/25,MF SUMMER KLEE,20,225.0,17.63,17.63,17.79,17.81,17.83,17.86,17.88,17.88,17.88,17.91,17.96,17.96,17.99,18.04,18.04,18.12,18.12,18.16,18.34,18.69,17.63
COLCHAO 01/25,MF SUMMER LEAFE,35,192.0,17.63,17.63,17.79,17.81,17.83,17.86,17.88,17.88,17.88,17.91,17.96,17.96,17.99,18.04,18.04,18.12,18.12,18.16,18.34,18.69,17.63
COLCHAO 01/25,MF SUMMER PLAY,59,193.0,17.63,17.63,17.79,17.81,17.83,17.86,17.88,17.88,17.88,17.91,17.96,17.96,17.99,18.04,18.04,18.12,18.12,18.16,18.34,18.69,17.63
COLCHAO 01/25,MF SUMMER TRIADE,22,225.0,17.63,17.63,17.79,17.81,17.83,17.86,17.88,17.88,17.88,17.91,17.96,17.96,17.99,18.04,18.04,18.12,18.12,18.16,18.34,18.69,17.63
COLCHAO 01/25,MF TENERIFE,01 - 13 - 20 - 41,297.0,23.54,23.54,23.76,23.78,23.81,23.85,23.87,23.87,23.87,23.92,23.98,23.98,24.03,24.09,24.09,24.2,24.2,24.25,24.48,24.95,23.54
COLCHAO 01/25,MODERNE NW,01 - 02 - 03 - 18 - 19 - 20 - 33 - 41 - 42 - 50 - 51 - 52 - 53 - 54 - 55 - 59 - 68 - 70 - 72 - 74 - 75 - 76,189.0,17.9,17.9,18.07,18.08,18.1,18.14,18.15,18.15,18.15,18.19,18.23,18.23,18.27,18.32,18.32,18.4,18.4,18.44,18.62,18.97,17.9
COLCHAO 01/25,MORE NW,11 - 50 - 52 - 72 - 73,258.0,22.76,22.76,22.97,22.99,23.02,23.06,23.08,23.08,23.08,23.12,23.19,23.19,23.23,23.29,23.29,23.4,23.4,23.44,23.67,24.13,22.76
COLCHAO 01/25,NEW CODE NW,01 - 03 - 10 - 23 - 33 - 40 - 52 - 54 - 73 - 74 - 75 - 76 - 80,147.0,15.21,15.21,15.35,15.36,15.38,15.41,15.42,15.42,15.42,15.45,15.49,15.49,15.52,15.56,15.56,15.64,15.64,15.67,15.82,16.12,15.21
COLCHAO 01/25,NEW CODE NW,70,147.4,15.21,15.21,15.35,15.36,15.38,15.41,15.42,15.42,15.42,15.45,15.49,15.49,15.52,15.56,15.56,15.64,15.64,15.67,15.82,16.12,15.21
COLCHAO 01/25,NEW WAVE NW,01 - 33 - 50 - 52 - 53 - 54 - 59 - 70 - 73 - 74 - 75,147.4,15.21,15.21,15.35,15.36,15.38,15.41,15.42,15.42,15.42,15.45,15.49,15.49,15.52,15.56,15.56,15.64,15.64,15.67,15.82,16.12,15.21
COLCHAO 01/25,NW FLUENCE 100,10 - 50 - 54 - 78,128.4,12.22,12.22,12.33,12.34,12.36,12.38,12.39,12.39,12.39,12.42,12.45,12.45,12.47,12.5,12.5,12.56,12.56,12.59,12.71,12.95,12.22
COLCHAO 01/25,NW FLUENCE 100 INV,76,128.0,12.22,12.22,12.33,12.34,12.36,12.38,12.39,12.39,12.39,12.42,12.45,12.45,12.47,12.5,12.5,12.56,12.56,12.59,12.71,12.95,12.22
COLCHAO 01/25,NW FLUENCE 200 INV,73,130.0,12.22,12.22,12.33,12.34,12.36,12.38,12.39,12.39,12.39,12.42,12.45,12.45,12.47,12.5,12.5,12.56,12.56,12.59,12.71,12.95,12.22
COLCHAO 01/25,NW FLUENCE 300 INV,09,109.0,12.22,12.22,12.33,12.34,12.36,12.38,12.39,12.39,12.39,12.42,12.45,12.45,12.47,12.5,12.5,12.56,12.56,12.59,12.71,12.95,12.22
COLCHAO 01/25,NW LIGHT DES 01,50,132.0,12.45,12.45,12.57,12.57,12.59,12.62,12.62,12.62,12.62,12.65,12.68,12.68,12.71,12.74,12.74,12.8,12.8,12.82,12.95,13.2,12.45
COLCHAO 01/25,NW LIGHT DES 02,06 - 52,104.0,12.45,12.45,12.57,12.57,12.59,12.62,12.62,12.62,12.62,12.65,12.68,12.68,12.71,12.74,12.74,12.8,12.8,12.82,12.95,13.2,12.45
COLCHAO 01/25,NW LIGHT LOSANGO,06 - 78,130.6,12.45,12.45,12.57,12.57,12.59,12.62,12.62,12.62,12.62,12.65,12.68,12.68,12.71,12.74,12.74,12.8,12.8,12.82,12.95,13.2,12.45
COLCHAO 01/25,NW LIGHT LOSANGO,50 - 51 - 54 - 74,130.6,12.45,12.45,12.57,12.57,12.59,12.62,12.62,12.62,12.62,12.65,12.68,12.68,12.71,12.74,12.74,12.8,12.8,12.82,12.95,13.2,12.45
COLCHAO 01/25,NW LIGHT LOSANGO INV,20 - 77,125.0,12.45,12.45,12.57,12.57,12.59,12.62,12.62,12.62,12.62,12.65,12.68,12.68,12.71,12.74,12.74,12.8,12.8,12.82,12.95,13.2,12.45
COLCHAO 01/25,NW LUMIERE 100,74,169.0,16.9,16.9,17.06,17.07,17.09,17.12,17.14,17.14,17.14,17.17,17.22,17.22,17.25,17.29,17.29,17.37,17.37,17.41,17.58,17.91,16.9
COLCHAO 01/25,NW LUMIERE 400,01 - 10 - 21 - 70,166.0,16.9,16.9,17.06,17.07,17.09,17.12,17.14,17.14,17.14,17.17,17.22,17.22,17.25,17.29,17.29,17.37,17.37,17.41,17.58,17.91,16.9
COLCHAO 01/25,NW LUMIERE 600,10,,16.9,16.9,17.06,17.07,17.09,17.12,17.14,17.14,17.14,17.17,17.22,17.22,17.25,17.29,17.29,17.37,17.37,17.41,17.58,17.91,16.9
COLCHAO 01/25,NW RUSTIC 100,10 - 34 - 51 - 52 - 53 - 72 - 75 - 76,142.0,14.15,14.15,14.28,14.29,14.31,14.34,14.35,14.35,14.35,14.38,14.41,14.41,14.44,14.48,14.48,14.55,14.55,14.57,14.72,15.0,14.15
COLCHAO 01/25,NW RUSTIC 600,22,140.3,14.15,14.15,14.28,14.29,14.31,14.34,14.35,14.35,14.35,14.38,14.41,14.41,14.44,14.48,14.48,14.55,14.55,14.57,14.72,15.0,14.15
COLCHAO 01/25,NW RUSTIC 700,34 - 52,134.7,14.15,14.15,14.28,14.29,14.31,14.34,14.35,14.35,14.35,14.38,14.41,14.41,14.44,14.48,14.48,14.55,14.55,14.57,14.72,15.0,14.15
COLCHAO 01/25,PACIFIC NW,54 - 57,277.0,25.96,25.96,26.2,26.22,26.25,26.31,26.32,26.32,26.32,26.38,26.45,26.45,26.5,26.56,26.56,26.69,26.69,26.74,27.0,27.52,25.96
COLCHAO 01/25,POLARIS NW,22,214.2,23.65,23.65,23.87,23.89,23.92,23.96,23.98,23.98,23.98,24.03,24.09,24.09,24.14,24.2,24.2,24.31,24.31,24.36,24.6,25.07,23.65
COLCHAO 01/25,POLARIS NW,52,214.6,23.65,23.65,23.87,23.89,23.92,23.96,23.98,23.98,23.98,24.03,24.09,24.09,24.14,24.2,24.2,24.31,24.31,24.36,24.6,25.07,23.65
COLCHAO 01/25,POLARIS NW,54,212.6,23.65,23.65,23.87,23.89,23.92,23.96,23.98,23.98,23.98,24.03,24.09,24.09,24.14,24.2,24.2,24.31,24.31,24.36,24.6,25.07,23.65
COLCHAO 01/25,PRATIK 100,06 - 22 - 40 - 50 - 52 - 53 - 54 - 72 - 74,106.0,12.21,12.21,12.32,12.33,12.35,12.37,12.38,12.38,12.38,12.41,12.44,12.44,12.46,12.49,12.49,12.55,12.55,12.58,12.7,12.94,12.21
COLCHAO 01/25,PRATIK 100 INV,76,110.0,12.21,12.21,12.32,12.33,12.35,12.37,12.38,12.38,12.38,12.41,12.44,12.44,12.46,12.49,12.49,12.55,12.55,12.58,12.7,12.94,12.21
COLCHAO 01/25,PRATIK 200,06 - 22 - 40 - 50 - 52 - 53 - 54 - 72 - 74,120.0,12.21,12.21,12.32,12.33,12.35,12.37,12.38,12.38,12.38,12.41,12.44,12.44,12.46,12.49,12.49,12.55,12.55,12.58,12.7,12.94,12.21
COLCHAO 01/25,PRATIK 200 INV,76,,12.21,12.21,12.32,12.33,12.35,12.37,12.38,12.38,12.38,12.41,12.44,12.44,12.46,12.49,12.49,12.55,12.55,12.58,12.7,12.94,12.21
COLCHAO 01/25,PRATIK 300,06 - 22 - 40 - 50 - 52 - 53 - 54 - 72 - 74,124.4,12.21,12.21,12.32,12.33,12.35,12.37,12.38,12.38,12.38,12.41,12.44,12.44,12.46,12.49,12.49,12.55,12.55,12.58,12.7,12.94,12.21
COLCHAO 01/25,PRATIK 300 INV,76,124.0,12.21,12.21,12.32,12.33,12.35,12.37,12.38,12.38,12.38,12.41,12.44,12.44,12.46,12.49,12.49,12.55,12.55,12.58,12.7,12.94,12.21
COLCHAO 01/25,PRATIK 400,06 - 22 - 40 - 50 - 52 - 53 - 54 - 72 - 74 - 76,112.0,12.21,12.21,12.32,12.33,12.35,12.37,12.38,12.38,12.38,12.41,12.44,12.44,12.46,12.49,12.49,12.55,12.55,12.58,12.7,12.94,12.21
COLCHAO 01/25,PRATIK 500,06 - 22 - 40 - 50 - 52 - 53 - 54 - 72 - 74,106.0,12.21,12.21,12.32,12.33,12.35,12.37,12.38,12.38,12.38,12.41,12.44,12.44,12.46,12.49,12.49,12.55,12.55,12.58,12.7,12.94,12.21
COLCHAO 01/25,PRATIK 500 INV,76,106.0,12.21,12.21,12.32,12.33,12.35,12.37,12.38,12.38,12.38,12.41,12.44,12.44,12.46,12.49,12.49,12.55,12.55,12.58,12.7,12.94,12.21
COLCHAO 01/25,RELAX 300,02,203.0,16.6,16.6,16.75,16.77,16.79,16.82,16.83,16.83,16.83,16.87,16.91,16.91,16.94,16.99,16.99,17.06,17.06,17.1,17.26,17.6,16.6
COLCHAO 01/25,SIRIUS NW,22 - 34 - 55 - 58,166.0,15.95,15.95,16.1,16.11,16.13,16.16,16.17,16.17,16.17,16.21,16.25,16.25,16.28,16.32,16.32,16.4,16.4,16.43,16.59,16.91,15.95
COLCHAO 01/25,SLIM 100 NW,06 - 10 - 33 - 50 - 72 - 74,189.0,17.58,17.58,17.74,17.76,17.78,17.81,17.83,17.83,17.83,17.86,17.91,17.91,17.94,17.99,17.99,18.07,18.07,18.11,18.28,18.63,17.58
COLCHAO 01/25,SLIM 200 NW,06 - 10 - 33 - 50 - 72 - 74,191.2,17.58,17.58,17.74,17.76,17.78,17.81,17.83,17.83,17.83,17.86,17.91,17.91,17.94,17.99,17.99,18.07,18.07,18.11,18.28,18.63,17.58
COLCHAO 01/25,SLIM 300 NW,06 - 10 - 33 - 50 - 72 - 74,191.0,17.58,17.58,17.74,17.76,17.78,17.81,17.83,17.83,17.83,17.86,17.91,17.91,17.94,17.99,17.99,18.07,18.07,18.11,18.28,18.63,17.58
COLCHAO 01/25,SLIM 400 NW,06 - 10 - 33 - 50 - 72 - 74,184.0,17.58,17.58,17.74,17.76,17.78,17.81,17.83,17.83,17.83,17.86,17.91,17.91,17.94,17.99,17.99,18.07,18.07,18.11,18.28,18.63,17.58
COLCHAO 01/25,SLIM 500 NW,06 - 10 - 33 - 50 - 72 - 74,187.0,17.58,17.58,17.74,17.76,17.78,17.81,17.83,17.83,17.83,17.86,17.91,17.91,17.94,17.99,17.99,18.07,18.07,18.11,18.28,18.63,17.58
COLCHAO 01/25,SLIM 600 NW,06 - 10 - 33 - 50 - 72 - 74,187.0,17.58,17.58,17.74,17.76,17.78,17.81,17.83,17.83,17.83,17.86,17.91,17.91,17.94,17.99,17.99,18.07,18.07,18.11,18.28,18.63,17.58
COLCHAO 01/25,SOFT BAMBOO,46,171.6,16.4,16.4,16.55,16.56,16.59,16.62,16.63,16.63,16.63,16.66,16.71,16.71,16.74,16.78,16.78,16.86,16.86,16.89,17.06,17.38,16.4
COLCHAO 01/25,SOFT PLAIN,50,163.4,16.4,16.4,16.55,16.56,16.59,16.62,16.63,16.63,16.63,16.66,16.71,16.71,16.74,16.78,16.78,16.86,16.86,16.89,17.06,17.38,16.4
COLCHAO 01/25,SOFT RARE,46,147.4,16.4,16.4,16.55,16.56,16.59,16.62,16.63,16.63,16.63,16.66,16.71,16.71,16.74,16.78,16.78,16.86,16.86,16.89,17.06,17.38,16.4
COLCHAO 01/25,SOFT SPIRAL,40,164.4,16.4,16.4,16.55,16.56,16.59,16.62,16.63,16.63,16.63,16.66,16.71,16.71,16.74,16.78,16.78,16.86,16.86,16.89,17.06,17.38,16.4
COLCHAO 01/25,SOFT TETRIS,23,,16.4,16.4,16.55,16.56,16.59,16.62,16.63,16.63,16.63,16.66,16.71,16.71,16.74,16.78,16.78,16.86,16.86,16.89,17.06,17.38,16.4
COLCHAO 01/25,SQUARE NW,52 - 75,173.0,17.4,17.4,17.56,17.57,17.6,17.63,17.64,17.64,17.64,17.68,17.73,17.73,17.76,17.81,17.81,17.89,17.89,17.92,18.1,18.44,17.4
COLCHAO 01/25,STRAW NW,09 - 11 - 51 - 71 - 74,167.8,17.4,17.4,17.56,17.57,17.6,17.63,17.64,17.64,17.64,17.68,17.73,17.73,17.76,17.81,17.81,17.89,17.89,17.92,18.1,18.44,17.4
COLCHAO 01/25,STRAW NW,34 - 52 - 53 - 72 - 73 - 75 - 77,167.8,17.4,17.4,17.56,17.57,17.6,17.63,17.64,17.64,17.64,17.68,17.73,17.73,17.76,17.81,17.81,17.89,17.89,17.92,18.1,18.44,17.4
COLCHAO 01/25,TEX FLOWER,74,291.6,23.3,23.3,23.52,23.53,23.56,23.61,23.63,23.63,23.63,23.67,23.74,23.74,23.78,23.84,23.84,23.95,23.95,24.0,24.23,24.7,23.3
COLCHAO 01/25,TEX GARDEN,74,268.0,23.3,23.3,23.52,23.53,23.56,23.61,23.63,23.63,23.63,23.67,23.74,23.74,23.78,23.84,23.84,23.95,23.95,24.0,24.23,24.7,23.3
COLCHAO 01/25,TEX PLAIN,74,283.0,23.3,23.3,23.52,23.53,23.56,23.61,23.63,23.63,23.63,23.67,23.74,23.74,23.78,23.84,23.84,23.95,23.95,24.0,24.23,24.7,23.3
COLCHAO 01/25,VELL,01 - 13 - 20 - 41 - 51,184.0,20.46,20.46,20.65,20.66,20.69,20.73,20.75,20.75,20.75,20.79,20.84,20.84,20.88,20.94,20.94,21.03,21.03,21.07,21.28,21.69,20.46
COLCHAO 01/25,VERSATILLE 100,06 - 70 - 74,105.0,12.45,12.45,12.57,12.57,12.59,12.62,12.62,12.62,12.62,12.65,12.68,12.68,12.71,12.74,12.74,12.8,12.8,12.82,12.95,13.2,12.45
COLCHAO 01/25,VERSATILLE 100 INV,76,125.6,12.45,12.45,12.57,12.57,12.59,12.62,12.62,12.62,12.62,12.65,12.68,12.68,12.71,12.74,12.74,12.8,12.8,12.82,12.95,13.2,12.45
COLCHAO 01/25,VERSATILLE 200,40 - 52 - 74,120.0,12.45,12.45,12.57,12.57,12.59,12.62,12.62,12.62,12.62,12.65,12.68,12.68,12.71,12.74,12.74,12.8,12.8,12.82,12.95,13.2,12.45
COLCHAO 01/25,VERSATILLE 300,06 - 40,112.0,12.45,12.45,12.57,12.57,12.59,12.62,12.62,12.62,12.62,12.65,12.68,12.68,12.71,12.74,12.74,12.8,12.8,12.82,12.95,13.2,12.45
COLCHAO 01/25,VERSATILLE 500,52 - 53 - 74,108.0,12.45,12.45,12.57,12.57,12.59,12.62,12.62,12.62,12.62,12.65,12.68,12.68,12.71,12.74,12.74,12.8,12.8,12.82,12.95,13.2,12.45
COLCHAO 01/25,VERSATILLE 700,06 - 52,114.0,12.45,12.45,12.57,12.57,12.59,12.62,12.62,12.62,12.62,12.65,12.68,12.68,12.71,12.74,12.74,12.8,12.8,12.82,12.95,13.2,12.45
COLCHAO 01/25,VERSATILLE 800,74,117.0,12.45,12.45,12.57,12.57,12.59,12.62,12.62,12.62,12.62,12.65,12.68,12.68,12.71,12.74,12.74,12.8,12.8,12.82,12.95,13.2,12.45
COLCHAO 01/25,VIEJO,01 - 13 - 20 - 41 - 51,186.0,20.46,20.46,20.65,20.66,20.69,20.73,20.75,20.75,20.75,20.79,20.84,20.84,20.88,20.94,20.94,21.03,21.03,21.07,21.28,21.69,20.46
COLCHAO 01/25,XADREZ CROSS,02,288.2,22.0,22.0,22.2,22.22,22.25,22.29,22.31,22.31,22.31,22.35,22.41,22.41,22.46,22.51,22.51,22.62,22.62,22.66,22.88,23.32,22.0
COLCHAO 01/25,XADREZ CROSS,21,285.6,22.0,22.0,22.2,22.22,22.25,22.29,22.31,22.31,22.31,22.35,22.41,22.41,22.46,22.51,22.51,22.62,22.62,22.66,22.88,23.32,22.0
COLCHAO 01/25,XADREZ JUNIO,20,207.6,18.15,18.15,18.32,18.33,18.36,18.39,18.4,18.4,18.4,18.44,18.49,18.49,18.53,18.57,18.57,18.66,18.66,18.69,18.88,19.24,18.15
DECORACAO 01/25,ACTION 101,52,242.0,15.41,15.41,15.55,15.56,15.58,15.61,15.63,15.63,15.63,15.66,15.7,15.7,15.73,15.77,15.77,15.84,15.84,15.87,16.03,16.33,15.41
DECORACAO 01/25,ACTUAL,21 - 70,188.0,14.34,14.34,14.47,14.48,14.5,14.53,14.54,14.54,14.54,14.57,14.61,14.61,14.64,14.67,14.67,14.74,14.74,14.77,14.91,15.2,14.34
DECORACAO 01/25,ALPHA,02 - 09 - 10,196.0,14.02,14.02,14.15,14.16,14.18,14.21,14.22,14.22,14.22,14.24,14.28,14.28,14.31,14.35,14.35,14.41,14.41,14.44,14.58,14.86,14.02
DECORACAO 01/25,ALPHA,11 - 14 - 21 - 23 - 24 - 25 - 35 - 43 - 51 - 52 - 53 - 54 - 55 - 56 - 58 - 60 - 70 - 72 - 73 - 75 - 76 - 77 - 78 - 79 - 80 - 81 - 82 - 84 - 87,196.0,14.02,14.02,14.15,14.16,14.18,14.21,14.22,14.22,14.22,14.24,14.28,14.28,14.31,14.35,14.35,14.41,14.41,14.44,14.58,14.86,14.02
DECORACAO 01/25,ALPHA,34,194.0,14.02,14.02,14.15,14.16,14.18,14.21,14.22,14.22,14.22,14.24,14.28,14.28,14.31,14.35,14.35,14.41,14.41,14.44,14.58,14.86,14.02
DECORACAO 01/25,ANTHEM FLAT,35 - 52 - 55 - 71,204.0,11.93,11.93,12.04,12.05,12.06,12.09,12.1,12.1,12.1,12.12,12.15,12.15,12.18,12.21,12.21,12.26,12.26,12.29,12.41,12.65,11.93
DECORACAO 01/25,ARTEMIS,11 - 13 - 50 - 52 - 54 - 79,194.0,13.47,13.47,13.6,13.6,13.62,13.65,13.66,13.66,13.66,13.69,13.72,13.72,13.75,13.78,13.78,13.85,13.85,13.87,14.01,14.28,13.47
DECORACAO 01/25,ASGARD,09 - 10 - 34 - 53 - 54 - 55 - 57 - 72 - 77 - 78,166.0,10.8,10.8,10.9,10.91,10.92,10.94,10.95,10.95,10.95,10.97,11.0,11.0,11.02,11.05,11.05,11.1,11.1,11.12,11.23,11.45,10.8
DECORACAO 01/25,BAGGE,02 - 16 - 51 - 71 - 79,385.0,22.14,22.14,22.35,22.36,22.39,22.43,22.45,22.45,22.45,22.49,22.55,22.55,22.6,22.66,22.66,22.76,22.76,22.8,23.03,23.47,22.14
DECORACAO 01/25,BARBADOS,14 - 32 - 58 - 71 - 72 - 77,187.0,11.15,11.15,11.25,11.26,11.28,11.3,11.31,11.31,11.31,11.33,11.36,11.36,11.38,11.41,11.41,11.46,11.46,11.48,11.6,11.82,11.15
DECORACAO 01/25,BETA,02 - 35 - 52 - 53 - 55 - 56 - 58,264.0,18.62,18.62,18.79,18.81,18.83,18.87,18.88,18.88,18.88,18.92,18.97,18.97,19.01,19.05,19.05,19.14,19.14,19.18,19.36,19.74,18.62
DECORACAO 01/25,BLEND,59 - 70 - 73,305.6,22.36,22.36,22.57,22.58,22.61,22.66,22.67,22.67,22.67,22.72,22.78,22.78,22.82,22.88,22.88,22.99,22.99,23.03,23.25,23.7,22.36
DECORACAO 01/25,BLOCK,02 - 53 - 55,305.0,29.5,29.5,29.77,29.8,29.83,29.89,29.91,29.91,29.91,29.97,30.05,30.05,30.11,30.19,30.19,30.33,30.33,30.38,30.68,31.27,29.5
DECORACAO 01/25,BLOCK,59,309.0,29.5,29.5,29.77,29.8,29.83,29.89,29.91,29.91,29.91,29.97,30.05,30.05,30.11,30.19,30.19,30.33,30.33,30.38,30.68,31.27,29.5
DECORACAO 01/25,BOUCLANE,02 - 16 - 20 - 51 - 71,373.0,26.0,26.0,26.24,26.26,26.29,26.35,26.36,26.36,26.36,26.42,26.49,26.49,26.54,26.61,26.61,26.73,26.73,26.78,27.04,27.56,26.0
DECORACAO 01/25,BR NEW BELLA,02 - 54 - 76,375.0,28.71,28.71,28.98,29.0,29.03,29.09,29.11,29.11,29.11,29.17,29.25,29.25,29.3,29.38,29.38,29.51,29.51,29.57,29.86,30.43,28.71
DECORACAO 01/25,BUKLE,34 - 51 - 52 - 59 - 71 - 74 - 75 - 77 - 78,259.0,20.25,20.25,20.44,20.45,20.48,20.52,20.53,20.53,20.53,20.57,20.63,20.63,20.67,20.72,20.72,20.82,20.82,20.86,21.06,21.46,20.25
DECORACAO 01/25,CAIOBA,02 - 34 - 50 - 68,333.0,24.62,24.62,24.85,24.87,24.9,24.95,24.96,24.96,24.96,25.01,25.08,25.08,25.13,25.19,25.19,25.31,25.31,25.36,25.6,26.1,24.62
DECORACAO 01/25,CONNECT,10 - 23 - 35 - 51 - 52 - 53 - 55 - 56 - 57 - 72 - 74 - 76 - 84,184.0,14.3,14.3,14.43,14.44,14.46,14.49,14.5,14.5,14.5,14.53,14.57,14.57,14.6,14.63,14.63,14.7,14.7,14.73,14.87,15.16,14.3
DECORACAO 01/25,CORRIENTE,02 - 12 - 21 - 34 - 35 - 39 - 51 - 52 - 55 - 58 - 70 - 73 - 74 - 76 - 78 - 84,197.0,13.75,13.75,13.88,13.89,13.91,13.93,13.94,13.94,13.94,13.97,14.01,14.01,14.03,14.07,14.07,14.14,14.14,14.16,14.3,14.58,13.75
DECORACAO 01/25,CREATIVE 100,08 - 33 - 34 - 52 - 53 - 56 - 58 - 70 - 71 - 73 - 78 - 79,299.0,18.9,18.9,19.08,19.09,19.11,19.15,19.16,19.16,19.16,19.2,19.25,19.25,19.29,19.34,19.34,19.43,19.43,19.47,19.66,20.03,18.9
DECORACAO 01/25,CREATIVE 100,54,26.0,18.9,18.9,19.08,19.09,19.11,19.15,19.16,19.16,19.16,19.2,19.25,19.25,19.29,19.34,19.34,19.43,19.43,19.47,19.66,20.03,18.9
DECORACAO 01/25,CREATIVE 200,08 - 33 - 34 - 51 - 52 - 53 - 54 - 56 - 57 - 58 - 70 - 71 - 72 - 73 - 78 - 79,299.0,18.9,18.9,19.08,19.09,19.11,19.15,19.16,19.16,19.16,19.2,19.25,19.25,19.29,19.34,19.34,19.43,19.43,19.47,19.66,20.03,18.9
DECORACAO 01/25,CREATIVE 300,08 - 34 - 51 - 52 - 53 - 54 - 56 - 58 - 70 - 71 - 72 - 73 - 79,299.0,18.9,18.9,19.08,19.09,19.11,19.15,19.16,19.16,19.16,19.2,19.25,19.25,19.29,19.34,19.34,19.43,19.43,19.47,19.66,20.03,18.9
DECORACAO 01/25,CREATIVE 300,33,2299.0,18.9,18.9,19.08,19.09,19.11,19.15,19.16,19.16,19.16,19.2,19.25,19.25,19.29,19.34,19.34,19.43,19.43,19.47,19.66,20.03,18.9
DECORACAO 01/25,CREATIVE 400,08 - 33 - 34 - 51 - 52 - 53 - 54 - 56 - 57 - 58 - 70 - 71 - 72 - 73 - 78 - 79,299.0,18.9,18.9,19.08,19.09,19.11,19.15,19.16,19.16,19.16,19.2,19.25,19.25,19.29,19.34,19.34,19.43,19.43,19.47,19.66,20.03,18.9
DECORACAO 01/25,CREATIVE 500,08 - 33 - 34 - 51 - 52 - 53 - 54 - 56 - 57 - 58 - 70 - 71 - 72 - 73 - 78 - 79,299.0,18.9,18.9,19.08,19.09,19.11,19.15,19.16,19.16,19.16,19.2,19.25,19.25,19.29,19.34,19.34,19.43,19.43,19.47,19.66,20.03,18.9
DECORACAO 01/25,CREATIVE 600,08 - 33 - 34 - 51 - 52 - 53 - 54 - 56 - 57 - 58 - 70 - 71 - 72 - 73 - 78 - 79,299.0,18.9,18.9,19.08,19.09,19.11,19.15,19.16,19.16,19.16,19.2,19.25,19.25,19.29,19.34,19.34,19.43,19.43,19.47,19.66,20.03,18.9
DECORACAO 01/25,CREATIVE 700,08 - 33 - 34 - 51 - 52 - 53 - 54 - 56 - 57 - 58 - 70 - 71 - 72 - 73 - 78 - 79,299.0,18.9,18.9,19.08,19.09,19.11,19.15,19.16,19.16,19.16,19.2,19.25,19.25,19.29,19.34,19.34,19.43,19.43,19.47,19.66,20.03,18.9
DECORACAO 01/25,CRISPY,72,192.0,13.56,13.56,13.69,13.7,13.71,13.74,13.75,13.75,13.75,13.78,13.81,13.81,13.84,13.88,13.88,13.94,13.94,13.97,14.1,14.37,13.56
DECORACAO 01/25,CRYPTON SOFT,51,,17.5,17.5,17.66,17.68,17.7,17.73,17.74,17.74,17.74,17.78,17.83,17.83,17.86,17.91,17.91,17.99,17.99,18.03,18.2,18.55,17.5
DECORACAO 01/25,DUE,10 - 11 - 21 - 34 - 40 - 50 - 52 - 53 - 70 - 74 - 75 - 76,211.0,15.75,15.75,15.9,15.91,15.93,15.96,15.97,15.97,15.97,16.0,16.04,16.04,16.08,16.12,16.12,16.19,16.19,16.22,16.38,16.7,15.75
DECORACAO 01/25,DUE,54,26.0,15.75,15.75,15.9,15.91,15.93,15.96,15.97,15.97,15.97,16.0,16.04,16.04,16.08,16.12,16.12,16.19,16.19,16.22,16.38,16.7,15.75
DECORACAO 01/25,DUNE,31 - 52,216.0,13.95,13.95,14.08,14.09,14.11,14.14,14.15,14.15,14.15,14.17,14.21,14.21,14.24,14.28,14.28,14.34,14.34,14.37,14.51,14.79,13.95
DECORACAO 01/25,ECLIPSE,10 - 20 - 70,213.0,14.7,14.7,14.84,14.85,14.87,14.9,14.91,14.91,14.91,14.94,14.97,14.97,15.0,15.04,15.04,15.11,15.11,15.14,15.29,15.58,14.7
DECORACAO 01/25,ECLIPSE,35 - 51 - 72 - 74,213.0,14.7,14.7,14.84,14.85,14.87,14.9,14.91,14.91,14.91,14.94,14.97,14.97,15.0,15.04,15.04,15.11,15.11,15.14,15.29,15.58,14.7
DECORACAO 01/25,ELITE 150,09 - 79,403.4,30.75,30.75,31.04,31.06,31.1,31.16,31.18,31.18,31.18,31.24,31.33,31.33,31.39,31.47,31.47,31.61,31.61,31.67,31.98,32.6,30.75
DECORACAO 01/25,ELITE 150,28,403.4,30.75,30.75,31.04,31.06,31.1,31.16,31.18,31.18,31.18,31.24,31.33,31.33,31.39,31.47,31.47,31.61,31.61,31.67,31.98,32.6,30.75
DECORACAO 01/25,ELITE 450,75,402.0,30.75,30.75,31.04,31.06,31.1,31.16,31.18,31.18,31.18,31.24,31.33,31.33,31.39,31.47,31.47,31.61,31.61,31.67,31.98,32.6,30.75
DECORACAO 01/25,ENYGMA,51 - 60 - 62 - 63 - 71 - 74 - 78 - 79,174.38,11.12,11.12,11.22,11.23,11.25,11.27,11.28,11.28,11.28,11.3,11.33,11.33,11.35,11.38,11.38,11.43,11.43,11.45,11.56,11.79,11.12
DECORACAO 01/25,ESTELARIS,52 - 55 - 72 - 74,177.0,9.8,9.8,9.89,9.9,9.91,9.93,9.94,9.94,9.94,9.96,9.98,9.98,10.0,10.03,10.03,10.07,10.07,10.09,10.19,10.39,9.8
DECORACAO 01/25,FEELING,51,280.8,19.46,19.46,19.64,19.65,19.68,19.72,19.73,19.73,19.73,19.77,19.82,19.82,19.86,19.91,19.91,20.0,20.0,20.04,20.24,20.63,19.46
DECORACAO 01/25,FIORI,11,272.0,21.57,21.57,21.77,21.79,21.81,21.86,21.87,21.87,21.87,21.92,21.97,21.97,22.02,22.07,22.07,22.17,22.17,22.22,22.43,22.86,21.57
DECORACAO 01/25,FOCCUS,10 - 21 - 24 - 34 - 50 - 70 - 72 - 73 - 74 - 75 - 76 - 77,250.0,13.59,13.59,13.72,13.73,13.74,13.77,13.78,13.78,13.78,13.81,13.84,13.84,13.87,13.91,13.91,13.97,13.97,14.0,14.13,14.41,13.59
DECORACAO 01/25,FRESH,02 - 10 - 14,197.0,13.75,13.75,13.88,13.89,13.91,13.93,13.94,13.94,13.94,13.97,14.01,14.01,14.03,14.07,14.07,14.14,14.14,14.16,14.3,14.58,13.75
DECORACAO 01/25,FRESH,30 - 34 - 35 - 55 - 58 - 73 - 76,197.0,13.75,13.75,13.88,13.89,13.91,13.93,13.94,13.94,13.94,13.97,14.01,14.01,14.03,14.07,14.07,14.14,14.14,14.16,14.3,14.58,13.75
DECORACAO 01/25,HARLEM,23,,11.82,11.82,11.93,11.94,11.95,11.98,11.99,11.99,11.99,12.01,12.04,12.04,12.06,12.1,12.1,12.15,12.15,12.17,12.29,12.53,11.82
DECORACAO 01/25,JUEVES 1050,10 - 20,211.0,11.06,11.06,11.16,11.17,11.18,11.21,11.21,11.21,11.21,11.24,11.27,11.27,11.29,11.32,11.32,11.37,11.37,11.39,11.5,11.72,11.06
DECORACAO 01/25,JUEVES 250,09,199.0,11.06,11.06,11.16,11.17,11.18,11.21,11.21,11.21,11.21,11.24,11.27,11.27,11.29,11.32,11.32,11.37,11.37,11.39,11.5,11.72,11.06
DECORACAO 01/25,JUEVES 450,09,208.0,11.06,11.06,11.16,11.17,11.18,11.21,11.21,11.21,11.21,11.24,11.27,11.27,11.29,11.32,11.32,11.37,11.37,11.39,11.5,11.72,11.06
DECORACAO 01/25,JUEVES 550,10,211.0,11.06,11.06,11.16,11.17,11.18,11.21,11.21,11.21,11.21,11.24,11.27,11.27,11.29,11.32,11.32,11.37,11.37,11.39,11.5,11.72,11.06
DECORACAO 01/25,JUEVES 750,09 - 10 - 20,205.0,11.06,11.06,11.16,11.17,11.18,11.21,11.21,11.21,11.21,11.24,11.27,11.27,11.29,11.32,11.32,11.37,11.37,11.39,11.5,11.72,11.06
DECORACAO 01/25,JUEVES 850,20 - 21 - 23 - 52,212.0,11.06,11.06,11.16,11.17,11.18,11.21,11.21,11.21,11.21,11.24,11.27,11.27,11.29,11.32,11.32,11.37,11.37,11.39,11.5,11.72,11.06
DECORACAO 01/25,JUEVES LISO,10,174.4,11.06,11.06,11.16,11.17,11.18,11.21,11.21,11.21,11.21,11.24,11.27,11.27,11.29,11.32,11.32,11.37,11.37,11.39,11.5,11.72,11.06
DECORACAO 01/25,JUEVES LISO,52 - 70,172.4,11.06,11.06,11.16,11.17,11.18,11.21,11.21,11.21,11.21,11.24,11.27,11.27,11.29,11.32,11.32,11.37,11.37,11.39,11.5,11.72,11.06
DECORACAO 01/25,JUQUEHY,21 - 28 - 38 - 50 - 51 - 59 - 72 - 79,363.0,20.2,20.2,20.39,20.4,20.43,20.47,20.48,20.48,20.48,20.52,20.58,20.58,20.62,20.67,20.67,20.77,20.77,20.81,21.01,21.41,20.2
DECORACAO 01/25,KOYUN,02 - 16 - 51 - 71 - 75 - 79,377.0,26.46,26.46,26.71,26.72,26.76,26.81,26.83,26.83,26.83,26.88,26.95,26.95,27.01,27.08,27.08,27.2,27.2,27.25,27.52,28.05,26.46
DECORACAO 01/25,KOYUN,31 - 78,377.0,26.46,26.46,26.71,26.72,26.76,26.81,26.83,26.83,26.83,26.88,26.95,26.95,27.01,27.08,27.08,27.2,27.2,27.25,27.52,28.05,26.46
DECORACAO 01/25,LAGUNA FLAT,02 - 32 - 50 - 52 - 59,195.0,12.93,12.93,13.05,13.06,13.08,13.1,13.11,13.11,13.11,13.14,13.17,13.17,13.2,13.23,13.23,13.29,13.29,13.32,13.45,13.71,12.93
DECORACAO 01/25,LEGACY,02 - 52 - 56 - 70,187.0,10.8,10.8,10.9,10.91,10.92,10.94,10.95,10.95,10.95,10.97,11.0,11.0,11.02,11.05,11.05,11.1,11.1,11.12,11.23,11.45,10.8
DECORACAO 01/25,LIFE 100,02 - 37 - 51 - 52 - 53 - 74 - 75,282.0,25.52,25.52,25.76,25.78,25.81,25.86,25.88,25.88,25.88,25.93,26.0,26.0,26.05,26.11,26.11,26.23,26.23,26.29,26.54,27.05,25.52
DECORACAO 01/25,LIFE 200,02 - 34 - 37 - 51 - 52 - 53 - 71 - 74 - 75,269.0,25.52,25.52,25.76,25.78,25.81,25.86,25.88,25.88,25.88,25.93,26.0,26.0,26.05,26.11,26.11,26.23,26.23,26.29,26.54,27.05,25.52
DECORACAO 01/25,LIFE 400,02 - 34 - 37 - 51 - 52 - 53 - 71 - 74 - 75,288.0,25.52,25.52,25.76,25.78,25.81,25.86,25.88,25.88,25.88,25.93,26.0,26.0,26.05,26.11,26.11,26.23,26.23,26.29,26.54,27.05,25.52
DECORACAO 01/25,LIFE 500,02 - 34 - 37 - 51 - 52 - 53 - 71 - 74 - 75,275.0,25.52,25.52,25.76,25.78,25.81,25.86,25.88,25.88,25.88,25.93,26.0,26.0,26.05,26.11,26.11,26.23,26.23,26.29,26.54,27.05,25.52
DECORACAO 01/25,LINKED 100,02 - 34 - 35 - 52 - 53 - 54 - 55 - 57 - 73 - 74 - 75 - 77,246.0,15.9,15.9,16.05,16.06,16.08,16.11,16.12,16.12,16.12,16.15,16.2,16.2,16.23,16.27,16.27,16.35,16.35,16.38,16.54,16.85,15.9
DECORACAO 01/25,LINKED 200,02 - 12 - 34 - 52 - 54 - 55 - 70,245.0,15.9,15.9,16.05,16.06,16.08,16.11,16.12,16.12,16.12,16.15,16.2,16.2,16.23,16.27,16.27,16.35,16.35,16.38,16.54,16.85,15.9
DECORACAO 01/25,LINKED 200,75,26.0,15.9,15.9,16.05,16.06,16.08,16.11,16.12,16.12,16.12,16.15,16.2,16.2,16.23,16.27,16.27,16.35,16.35,16.38,16.54,16.85,15.9
DECORACAO 01/25,LINKED 300,21 - 34 - 54 - 75 - 77 - 79,226.0,15.9,15.9,16.05,16.06,16.08,16.11,16.12,16.12,16.12,16.15,16.2,16.2,16.23,16.27,16.27,16.35,16.35,16.38,16.54,16.85,15.9
DECORACAO 01/25,LINKED 400,02 - 35 - 75,269.0,15.9,15.9,16.05,16.06,16.08,16.11,16.12,16.12,16.12,16.15,16.2,16.2,16.23,16.27,16.27,16.35,16.35,16.38,16.54,16.85,15.9
DECORACAO 01/25,MARBLE,52 - 53 - 55 - 57 - 70 - 72 - 73 - 74 - 75 - 76 - 77,248.6,18.19,18.19,18.36,18.37,18.4,18.43,18.44,18.44,18.44,18.48,18.53,18.53,18.57,18.61,18.61,18.7,18.7,18.74,18.92,19.28,18.19
DECORACAO 01/25,MAXX,34 - 72,2484.0,15.77,15.77,15.92,15.93,15.95,15.98,15.99,15.99,15.99,16.02,16.06,16.06,16.1,16.14,16.14,16.21,16.21,16.24,16.4,16.72,15.77
DECORACAO 01/25,MAXX,52 - 71 - 74,248.0,15.77,15.77,15.92,15.93,15.95,15.98,15.99,15.99,15.99,16.02,16.06,16.06,16.1,16.14,16.14,16.21,16.21,16.24,16.4,16.72,15.77
DECORACAO 01/25,MILANO,10 - 34 - 51 - 54,226.45,15.17,15.17,15.31,15.32,15.34,15.37,15.38,15.38,15.38,15.41,15.45,15.45,15.48,15.52,15.52,15.59,15.59,15.63,15.78,16.08,15.17
DECORACAO 01/25,MISTRAL FLAT,30 - 51 - 52 - 55 - 56,206.0,13.4,13.4,13.52,13.53,13.55,13.58,13.59,13.59,13.59,13.61,13.65,13.65,13.68,13.71,13.71,13.78,13.78,13.8,13.94,14.2,13.4
DECORACAO 01/25,MISTRAL RUSTIC,34 - 52 - 55 - 72 - 74,191.0,12.56,12.56,12.68,12.69,12.7,12.73,12.74,12.74,12.74,12.76,12.79,12.79,12.82,12.85,12.85,12.91,12.91,12.94,13.06,13.31,12.56
DECORACAO 01/25,MOMENT,02 - 39 - 55 - 70 - 73 - 84,192.0,14.57,14.57,14.71,14.72,14.73,14.76,14.77,14.77,14.77,14.8,14.84,14.84,14.87,14.91,14.91,14.98,14.98,15.01,15.15,15.44,14.57
DECORACAO 01/25,MOTION 810,70,,15.41,15.41,15.55,15.56,15.58,15.61,15.63,15.63,15.63,15.66,15.7,15.7,15.73,15.77,15.77,15.84,15.84,15.87,16.03,16.33,15.41
DECORACAO 01/25,MULTI 300,55,214.0,13.31,13.31,13.43,13.44,13.46,13.49,13.5,13.5,13.5,13.52,13.56,13.56,13.59,13.62,13.62,13.68,13.68,13.71,13.84,14.11,13.31
DECORACAO 01/25,MULTI 700,78 - 85,203.0,13.31,13.31,13.43,13.44,13.46,13.49,13.5,13.5,13.5,13.52,13.56,13.56,13.59,13.62,13.62,13.68,13.68,13.71,13.84,14.11,13.31
DECORACAO 01/25,MYSTIC,10 - 71 - 73,167.0,11.61,11.61,11.72,11.73,11.74,11.76,11.77,11.77,11.77,11.8,11.83,11.83,11.85,11.88,11.88,11.94,11.94,11.96,12.07,12.31,11.61
DECORACAO 01/25,MYSTIC 300,53,175.0,11.61,11.61,11.72,11.73,11.74,11.76,11.77,11.77,11.77,11.8,11.83,11.83,11.85,11.88,11.88,11.94,11.94,11.96,12.07,12.31,11.61
DECORACAO 01/25,NAC ASHEVILLE,51,401.0,25.76,25.76,26.0,26.02,26.05,26.1,26.12,26.12,26.12,26.17,26.24,26.24,26.29,26.36,26.36,26.48,26.48,26.53,26.79,27.31,25.76
DECORACAO 01/25,NEW CORRIENTE,02 - 10 - 13 - 17 - 21 - 22 - 30 - 31 - 32 - 40 - 50 - 51 - 52 - 59 - 71,174.0,12.2,12.2,12.31,12.32,12.34,12.36,12.37,12.37,12.37,12.4,12.43,12.43,12.45,12.48,12.48,12.54,12.54,12.57,12.69,12.93,12.2
DECORACAO 01/25,NEXUS 500,34,180.0,13.44,13.44,13.56,13.57,13.59,13.62,13.63,13.63,13.63,13.66,13.69,13.69,13.72,13.75,13.75,13.82,13.82,13.84,13.98,14.25,13.44
DECORACAO 01/25,NOBLE NAC,01 - 02 - 22 - 40 - 50 - 54 - 56 - 59 - 70 - 71 - 72 - 73 - 78 - 79 - 80,362.0,24.3,24.3,24.53,24.54,24.57,24.62,24.64,24.64,24.64,24.69,24.75,24.75,24.8,24.87,24.87,24.98,24.98,25.03,25.27,25.76,24.3
DECORACAO 01/25,NOMADE,50 - 51 - 73 - 74,263.0,19.02,19.02,19.2,19.21,19.23,19.27,19.29,19.29,19.29,19.32,19.38,19.38,19.41,19.46,19.46,19.55,19.55,19.59,19.78,20.16,19.02
DECORACAO 01/25,NORONHA,20 - 50 - 59 - 72,369.0,26.57,26.57,26.82,26.84,26.87,26.92,26.94,26.94,26.94,27.0,27.07,27.07,27.12,27.19,27.19,27.31,27.31,27.37,27.63,28.16,26.57
DECORACAO 01/25,NW CORDILLERA,10 - 23 - 36 - 52 - 55 - 57 - 71,176.2,13.42,13.42,13.54,13.55,13.57,13.6,13.61,13.61,13.61,13.63,13.67,13.67,13.7,13.73,13.73,13.8,13.8,13.82,13.96,14.23,13.42
DECORACAO 01/25,NW LINNE 100,71,267.0,20.93,20.93,21.12,21.14,21.17,21.21,21.22,21.22,21.22,21.26,21.32,21.32,21.36,21.42,21.42,21.52,21.52,21.56,21.77,22.19,20.93
DECORACAO 01/25,NW LINNE 200,56,267.0,20.93,20.93,21.12,21.14,21.17,21.21,21.22,21.22,21.22,21.26,21.32,21.32,21.36,21.42,21.42,21.52,21.52,21.56,21.77,22.19,20.93
DECORACAO 01/25,NW LINNE 300,01 - 53,267.0,20.93,20.93,21.12,21.14,21.17,21.21,21.22,21.22,21.22,21.26,21.32,21.32,21.36,21.42,21.42,21.52,21.52,21.56,21.77,22.19,20.93
DECORACAO 01/25,NW LINNE 500,54 - 73,267.0,20.93,20.93,21.12,21.14,21.17,21.21,21.22,21.22,21.22,21.26,21.32,21.32,21.36,21.42,21.42,21.52,21.52,21.56,21.77,22.19,20.93
DECORACAO 01/25,NW MALIBU 100,01 - 10 - 12 - 50 - 54 - 56 - 59 - 70 - 74 - 75 - 77,176.0,11.39,11.39,11.5,11.5,11.52,11.54,11.55,11.55,11.55,11.57,11.6,11.6,11.63,11.66,11.66,11.71,11.71,11.73,11.85,12.07,11.39
DECORACAO 01/25,NW MALIBU 200,01 - 10 - 13 - 34 - 50 - 53 - 54 - 59 - 70 - 75,176.0,11.39,11.39,11.5,11.5,11.52,11.54,11.55,11.55,11.55,11.57,11.6,11.6,11.63,11.66,11.66,11.71,11.71,11.73,11.85,12.07,11.39
DECORACAO 01/25,OD BOUCLE,01 - 16 - 30,221.0,36.18,36.18,36.52,36.54,36.59,36.66,36.69,36.69,36.69,36.76,36.86,36.86,36.93,37.02,37.02,37.19,37.19,37.27,37.63,38.35,36.18
DECORACAO 01/25,OD REEF,01 - 16 - 30,224.0,36.18,36.18,36.52,36.54,36.59,36.66,36.69,36.69,36.69,36.76,36.86,36.86,36.93,37.02,37.02,37.19,37.19,37.27,37.63,38.35,36.18
DECORACAO 01/25,OMEGA,02 - 28 - 35 - 53 - 55 - 70 - 72,205.0,15.29,15.29,15.43,15.44,15.46,15.49,15.5,15.5,15.5,15.53,15.58,15.58,15.61,15.65,15.65,15.72,15.72,15.75,15.9,16.21,15.29
DECORACAO 01/25,ORION,20 - 21 - 22 - 23 - 26 - 30 - 31 - 51 - 52 - 53 - 54 - 56 - 58 - 59 - 72,192.0,13.28,13.28,13.4,13.41,13.43,13.46,13.47,13.47,13.47,13.49,13.53,13.53,13.55,13.59,13.59,13.65,13.65,13.68,13.81,14.08,13.28
DECORACAO 01/25,PACIFIC,35 - 55 - 74,252.5,16.08,16.08,16.23,16.24,16.26,16.29,16.31,16.31,16.31,16.34,16.38,16.38,16.41,16.45,16.45,16.53,16.53,16.56,16.72,17.04,16.08
DECORACAO 01/25,PAUBA,01 - 50 - 51 - 58 - 59 - 72,391.0,22.68,22.68,22.89,22.91,22.94,22.98,23.0,23.0,23.0,23.04,23.1,23.1,23.15,23.21,23.21,23.32,23.32,23.36,23.59,24.04,22.68
DECORACAO 01/25,PHOENIX,02 - 21 - 22 - 33 - 34 - 51 - 52 - 53 - 54 - 55 - 56 - 57 - 58 - 59 - 71 - 72 - 73 - 76 - 78 - 79,337.0,15.55,15.55,15.69,15.71,15.73,15.76,15.77,15.77,15.77,15.8,15.84,15.84,15.87,15.91,15.91,15.99,15.99,16.02,16.17,16.48,15.55
DECORACAO 01/25,PIPA,02 - 31 - 57 - 58 - 59 - 78,319.4,17.93,17.93,18.1,18.11,18.13,18.17,18.18,18.18,18.18,18.22,18.27,18.27,18.3,18.35,18.35,18.43,18.43,18.47,18.65,19.01,17.93
DECORACAO 01/25,PIPA,77,319.4,17.93,17.93,18.1,18.11,18.13,18.17,18.18,18.18,18.18,18.22,18.27,18.27,18.3,18.35,18.35,18.43,18.43,18.47,18.65,19.01,17.93
DECORACAO 01/25,PLAIN JACQ,55 - 56,205.8,12.5,12.5,12.62,12.62,12.64,12.67,12.68,12.68,12.68,12.7,12.73,12.73,12.76,12.79,12.79,12.85,12.85,12.88,13.0,13.25,12.5
DECORACAO 01/25,PLUG,35 - 51 - 52 - 53 - 55 - 56 - 57 - 72 - 76 - 84,200.6,14.3,14.3,14.43,14.44,14.46,14.49,14.5,14.5,14.5,14.53,14.57,14.57,14.6,14.63,14.63,14.7,14.7,14.73,14.87,15.16,14.3
DECORACAO 01/25,PLUG,74,200.6,14.3,14.3,14.43,14.44,14.46,14.49,14.5,14.5,14.5,14.53,14.57,14.57,14.6,14.63,14.63,14.7,14.7,14.73,14.87,15.16,14.3
DECORACAO 01/25,POLARIS,01 - 20 - 21 - 22 - 23 - 36 - 38 - 40 - 51 - 52 - 53 - 54 - 56 - 58 - 59 - 60 - 61,224.0,18.25,18.25,18.42,18.43,18.46,18.49,18.51,18.51,18.51,18.54,18.59,18.59,18.63,18.68,18.68,18.76,18.76,18.8,18.98,19.35,18.25
DECORACAO 01/25,PROVINCIA SOFT,02 - 14 - 17 - 21 - 30 - 31 - 32 - 50 - 51 - 72 - 75 - 79,237.0,14.2,14.2,14.33,14.34,14.36,14.39,14.4,14.4,14.4,14.43,14.47,14.47,14.49,14.53,14.53,14.6,14.6,14.63,14.77,15.05,14.2
DECORACAO 01/25,RAINBOW 100,10 - 12 - 13 - 22 - 30 - 50 - 75,281.0,18.89,18.89,19.07,19.08,19.1,19.14,19.15,19.15,19.15,19.19,19.24,19.24,19.28,19.33,19.33,19.42,19.42,19.46,19.65,20.02,18.89
DECORACAO 01/25,RAINBOW 200,12 - 13 - 22 - 30 - 50 - 75,285.0,18.89,18.89,19.07,19.08,19.1,19.14,19.15,19.15,19.15,19.19,19.24,19.24,19.28,19.33,19.33,19.42,19.42,19.46,19.65,20.02,18.89
DECORACAO 01/25,RAINBOW 300,12 - 20 - 22 - 30 - 50 - 75,289.0,18.89,18.89,19.07,19.08,19.1,19.14,19.15,19.15,19.15,19.19,19.24,19.24,19.28,19.33,19.33,19.42,19.42,19.46,19.65,20.02,18.89
DECORACAO 01/25,RAINBOW 400,10 - 12 - 13 - 20 - 22 - 30 - 50 - 75,295.0,18.89,18.89,19.07,19.08,19.1,19.14,19.15,19.15,19.15,19.19,19.24,19.24,19.28,19.33,19.33,19.42,19.42,19.46,19.65,20.02,18.89
DECORACAO 01/25,RAINBOW 500,10 - 12 - 13 - 20 - 22 - 30 - 50 - 75,287.0,18.89,18.89,19.07,19.08,19.1,19.14,19.15,19.15,19.15,19.19,19.24,19.24,19.28,19.33,19.33,19.42,19.42,19.46,19.65,20.02,18.89
DECORACAO 01/25,RAINBOW 600,10 - 12 - 13 - 20 - 22 - 30 - 50 - 75,297.0,18.89,18.89,19.07,19.08,19.1,19.14,19.15,19.15,19.15,19.19,19.24,19.24,19.28,19.33,19.33,19.42,19.42,19.46,19.65,20.02,18.89
DECORACAO 01/25,RAINBOW 700,10 - 12 - 13 - 20 - 22 - 30 - 50 - 75,282.0,18.89,18.89,19.07,19.08,19.1,19.14,19.15,19.15,19.15,19.19,19.24,19.24,19.28,19.33,19.33,19.42,19.42,19.46,19.65,20.02,18.89
DECORACAO 01/25,RARITY,02 - 34 - 51 - 74,260.0,19.98,19.98,20.17,20.18,20.21,20.25,20.26,20.26,20.26,20.3,20.35,20.35,20.39,20.45,20.45,20.54,20.54,20.58,20.78,21.18,19.98
DECORACAO 01/25,RIVERA FLAT,02 - 34 - 52 - 55 - 70,217.0,14.58,14.58,14.72,14.73,14.74,14.77,14.78,14.78,14.78,14.81,14.85,14.85,14.88,14.92,14.92,14.99,14.99,15.02,15.16,15.45,14.58
DECORACAO 01/25,ROBUST,02 - 34 - 51 - 71 - 74 - 75,398.0,29.7,29.7,29.98,30.0,30.04,30.1,30.12,30.12,30.12,30.18,30.26,30.26,30.31,30.39,30.39,30.53,30.53,30.59,30.89,31.48,29.7
DECORACAO 01/25,ROYALE 902,70,257.0,15.53,15.53,15.67,15.69,15.71,15.74,15.75,15.75,15.75,15.78,15.82,15.82,15.85,15.89,15.89,15.96,15.96,16.0,16.15,16.46,15.53
DECORACAO 01/25,RUST,52 - 54 - 55 - 71 - 72 - 73 - 75 - 76 - 78,230.0,18.19,18.19,18.36,18.37,18.4,18.43,18.44,18.44,18.44,18.48,18.53,18.53,18.57,18.61,18.61,18.7,18.7,18.74,18.92,19.28,18.19
DECORACAO 01/25,SAFIRA 100,09 - 75,261.0,14.49,14.49,14.62,14.63,14.65,14.68,14.69,14.69,14.69,14.72,14.76,14.76,14.79,14.83,14.83,14.9,14.9,14.92,15.07,15.36,14.49
DECORACAO 01/25,SAFIRA 300,15 - 22 - 34 - 70 - 75,270.0,14.49,14.49,14.62,14.63,14.65,14.68,14.69,14.69,14.69,14.72,14.76,14.76,14.79,14.83,14.83,14.9,14.9,14.92,15.07,15.36,14.49
DECORACAO 01/25,SAFIRA 400,11 - 23 - 34 - 70 - 76,255.0,14.49,14.49,14.62,14.63,14.65,14.68,14.69,14.69,14.69,14.72,14.76,14.76,14.79,14.83,14.83,14.9,14.9,14.92,15.07,15.36,14.49
DECORACAO 01/25,SIRIUS,22 - 34 - 35 - 51 - 53 - 54 - 55 - 56 - 57 - 58,171.6,11.12,11.12,11.22,11.23,11.25,11.27,11.28,11.28,11.28,11.3,11.33,11.33,11.35,11.38,11.38,11.43,11.43,11.45,11.56,11.79,11.12
DECORACAO 01/25,SL DELICATO,52 - 57 - 72 - 78,317.0,22.84,22.84,23.05,23.07,23.1,23.14,23.16,23.16,23.16,23.21,23.27,23.27,23.31,23.37,23.37,23.48,23.48,23.53,23.75,24.21,22.84
DECORACAO 01/25,SL DELICATO,56,317.0,22.84,22.84,23.05,23.07,23.1,23.14,23.16,23.16,23.16,23.21,23.27,23.27,23.31,23.37,23.37,23.48,23.48,23.53,23.75,24.21,22.84
DECORACAO 01/25,SL ESSENCE,56 - 57 - 72 - 78 - 79,329.6,22.84,22.84,23.05,23.07,23.1,23.14,23.16,23.16,23.16,23.21,23.27,23.27,23.31,23.37,23.37,23.48,23.48,23.53,23.75,24.21,22.84
DECORACAO 01/25,SL LEINEN 140,01,175.0,21.55,21.55,21.75,21.77,21.79,21.84,21.85,21.85,21.85,21.89,21.95,21.95,22.0,22.05,22.05,22.15,22.15,22.2,22.41,22.84,21.55
DECORACAO 01/25,SL LEINEN 200,01,161.0,21.55,21.55,21.75,21.77,21.79,21.84,21.85,21.85,21.85,21.89,21.95,21.95,22.0,22.05,22.05,22.15,22.15,22.2,22.41,22.84,21.55
DECORACAO 01/25,SL PRIME,01 - 17 - 22 - 23 - 30 - 32,278.0,17.39,17.39,17.55,17.56,17.59,17.62,17.63,17.63,17.63,17.67,17.72,17.72,17.75,17.8,17.8,17.88,17.88,17.91,18.09,18.43,17.39
DECORACAO 01/25,SL PRIME,02 - 14 - 31 - 50 - 52 - 72,278.0,17.39,17.39,17.55,17.56,17.59,17.62,17.63,17.63,17.63,17.67,17.72,17.72,17.75,17.8,17.8,17.88,17.88,17.91,18.09,18.43,17.39
DECORACAO 01/25,SNOW,72,344.0,28.79,28.79,29.06,29.08,29.12,29.17,29.19,29.19,29.19,29.25,29.33,29.33,29.39,29.46,29.46,29.6,29.6,29.65,29.94,30.52,28.79
DECORACAO 01/25,SOFT ONE,10 - 22 - 34 - 55 - 70,193.0,12.42,12.42,12.54,12.54,12.56,12.59,12.59,12.59,12.59,12.62,12.65,12.65,12.68,12.71,12.71,12.77,12.77,12.79,12.92,13.17,12.42
DECORACAO 01/25,SOFT TWO,10 - 34 - 52 - 55 - 71,181.0,12.42,12.42,12.54,12.54,12.56,12.59,12.59,12.59,12.59,12.62,12.65,12.65,12.68,12.71,12.71,12.77,12.77,12.79,12.92,13.17,12.42
DECORACAO 01/25,SQUARE,01 - 02 - 12 - 23 - 50 - 52 - 53 - 55 - 56 - 57 - 59 - 70 - 71 - 76,354.0,24.35,24.35,24.58,24.59,24.63,24.67,24.69,24.69,24.69,24.74,24.81,24.81,24.85,24.92,24.92,25.03,25.03,25.08,25.32,25.81,24.35
DECORACAO 01/25,STREET,51 - 70 - 73,215.0,14.75,14.75,14.89,14.9,14.92,14.95,14.96,14.96,14.96,14.99,15.03,15.03,15.06,15.09,15.09,15.16,15.16,15.19,15.34,15.64,14.75
DECORACAO 01/25,SYNC FLAT,02 - 34 - 35 - 52 - 54,264.0,16.85,16.85,17.01,17.02,17.04,17.07,17.09,17.09,17.09,17.12,17.17,17.17,17.2,17.24,17.24,17.32,17.32,17.36,17.52,17.86,16.85
DECORACAO 01/25,TEX VELVETY,09 - 10 - 18 - 28 - 31 - 40 - 50 - 52 - 59 - 70 - 75,270.0,24.9,24.9,25.13,25.15,25.18,25.23,25.25,25.25,25.25,25.3,25.37,25.37,25.42,25.48,25.48,25.6,25.6,25.65,25.9,26.39,24.9
DECORACAO 01/25,TOUCH,02 - 34 - 76,298.0,19.44,19.44,19.62,19.63,19.66,19.7,19.71,19.71,19.71,19.75,19.8,19.8,19.84,19.89,19.89,19.98,19.98,20.02,20.22,20.61,19.44
DECORACAO 01/25,TRION FLAT,02 - 35 - 52 - 55 - 72,222.0,14.86,14.86,15.0,15.01,15.03,15.06,15.07,15.07,15.07,15.1,15.14,15.14,15.17,15.21,15.21,15.28,15.28,15.31,15.45,15.75,14.86
DECORACAO 01/25,TRION RUSTIC,35 - 53 - 55 - 81,232.0,15.79,15.79,15.94,15.95,15.97,16.0,16.01,16.01,16.01,16.04,16.09,16.09,16.12,16.16,16.16,16.23,16.23,16.26,16.42,16.74,15.79
DECORACAO 01/25,TRIUMPH,02 - 35 - 53 - 55 - 72 - 78 - 81,196.4,14.9,14.9,15.04,15.05,15.07,15.1,15.11,15.11,15.11,15.14,15.18,15.18,15.21,15.25,15.25,15.32,15.32,15.35,15.5,15.79,14.9
DECORACAO 01/25,TWIST,09 - 10 - 16 - 23 - 34 - 35 - 51 - 52 - 54 - 55 - 58 - 70 - 72 - 73 - 74 - 75,168.0,11.86,11.86,11.97,11.98,11.99,12.02,12.03,12.03,12.03,12.05,12.08,12.08,12.11,12.14,12.14,12.19,12.19,12.22,12.33,12.57,11.86
DECORACAO 01/25,VENTURE,76,200.0,14.14,14.14,14.27,14.28,14.3,14.33,14.34,14.34,14.34,14.37,14.4,14.4,14.43,14.47,14.47,14.54,14.54,14.56,14.71,14.99,14.14
DECORACAO 01/25,VENTURE STRIPE,22 - 34 - 52 - 55 - 74 - 75 - 76,270.0,17.63,17.63,17.79,17.81,17.83,17.86,17.88,17.88,17.88,17.91,17.96,17.96,17.99,18.04,18.04,18.12,18.12,18.16,18.34,18.69,17.63
DECORACAO 01/25,VERMONT,10 - 13 - 31 - 50 - 52 - 71 - 72 - 73 - 74 - 76,212.0,17.77,17.77,17.94,17.95,17.97,18.01,18.02,18.02,18.02,18.05,18.1,18.1,18.14,18.18,18.18,18.27,18.27,18.3,18.48,18.84,17.77
DECORACAO 01/25,VIERNES,10 - 34 - 50 - 51 - 76,167.0,10.86,10.86,10.96,10.97,10.98,11.0,11.01,11.01,11.01,11.03,11.06,11.06,11.08,11.11,11.11,11.16,11.16,11.19,11.29,11.51,10.86
DECORACAO 01/25,VIERNES 215,21,167.0,10.86,10.86,10.96,10.97,10.98,11.0,11.01,11.01,11.01,11.03,11.06,11.06,11.08,11.11,11.11,11.16,11.16,11.19,11.29,11.51,10.86
DECORACAO 01/25,VIERNES 225,34 - 51,167.0,10.86,10.86,10.96,10.97,10.98,11.0,11.01,11.01,11.01,11.03,11.06,11.06,11.08,11.11,11.11,11.16,11.16,11.19,11.29,11.51,10.86
DECORACAO 01/25,VINCI,02 - 13 - 30 - 54 - 72,452.0,27.0,27.0,27.25,27.27,27.31,27.36,27.38,27.38,27.38,27.43,27.5,27.5,27.56,27.63,27.63,27.76,27.76,27.81,28.08,28.62,27.0
DECORACAO 01/25,VIRTUE 115,72,249.0,15.41,15.41,15.55,15.56,15.58,15.61,15.63,15.63,15.63,15.66,15.7,15.7,15.73,15.77,15.77,15.84,15.84,15.87,16.03,16.33,15.41
DECORACAO 01/25,VIRTUE 130,23,255.2,15.41,15.41,15.55,15.56,15.58,15.61,15.63,15.63,15.63,15.66,15.7,15.7,15.73,15.77,15.77,15.84,15.84,15.87,16.03,16.33,15.41
DECORACAO 01/25,YANG,02 - 72,429.0,18.25,18.25,18.42,18.43,18.46,18.49,18.51,18.51,18.51,18.54,18.59,18.59,18.63,18.68,18.68,18.76,18.76,18.8,18.98,19.35,18.25
DECORACAO 01/25,YANG,14,429.0,18.25,18.25,18.42,18.43,18.46,18.49,18.51,18.51,18.51,18.54,18.59,18.59,18.63,18.68,18.68,18.76,18.76,18.8,18.98,19.35,18.25
DECORACAO 01/25,YANG,31 - 55,429.0,18.25,18.25,18.42,18.43,18.46,18.49,18.51,18.51,18.51,18.54,18.59,18.59,18.63,18.68,18.68,18.76,18.76,18.8,18.98,19.35,18.25
DECORACAO 01/25,YANG,78,,18.25,18.25,18.42,18.43,18.46,18.49,18.51,18.51,18.51,18.54,18.59,18.59,18.63,18.68,18.68,18.76,18.76,18.8,18.98,19.35,18.25
MALHARIA 01/25,MLH BLACK WHITE 100,50,164.0,17.56,17.56,17.72,17.74,17.76,17.79,17.81,17.81,17.81,17.84,17.89,17.89,17.92,17.97,17.97,18.05,18.05,18.09,18.26,18.61,17.56
MALHARIA 01/25,MLH CECHELLA,01 - 51 - 56 - 72,375.8,36.5,36.5,36.84,36.86,36.91,36.99,37.01,37.01,37.01,37.08,37.18,37.18,37.26,37.35,37.35,37.52,37.52,37.6,37.96,38.69,36.5
MALHARIA 01/25,MLH CECHELLA,73,375.8,36.5,36.5,36.84,36.86,36.91,36.99,37.01,37.01,37.01,37.08,37.18,37.18,37.26,37.35,37.35,37.52,37.52,37.6,37.96,38.69,36.5
MALHARIA 01/25,MLH CLOUD 100,01 - 51 - 72 - 74,265.4,24.3,24.3,24.53,24.54,24.57,24.62,24.64,24.64,24.64,24.69,24.75,24.75,24.8,24.87,24.87,24.98,24.98,25.03,25.27,25.76,24.3
MALHARIA 01/25,MLH CLOUD 200,01 - 51 - 72 - 74,257.0,24.3,24.3,24.53,24.54,24.57,24.62,24.64,24.64,24.64,24.69,24.75,24.75,24.8,24.87,24.87,24.98,24.98,25.03,25.27,25.76,24.3
MALHARIA 01/25,MLH CLOUD 300,01 - 51 - 72 - 74,259.0,24.3,24.3,24.53,24.54,24.57,24.62,24.64,24.64,24.64,24.69,24.75,24.75,24.8,24.87,24.87,24.98,24.98,25.03,25.27,25.76,24.3
MALHARIA 01/25,MLH CLOUD 400,01 - 51 - 72 - 74,267.0,24.3,24.3,24.53,24.54,24.57,24.62,24.64,24.64,24.64,24.69,24.75,24.75,24.8,24.87,24.87,24.98,24.98,25.03,25.27,25.76,24.3
MALHARIA 01/25,MLH CLOUD 500,01 - 51 - 72 - 74,258.0,24.3,24.3,24.53,24.54,24.57,24.62,24.64,24.64,24.64,24.69,24.75,24.75,24.8,24.87,24.87,24.98,24.98,25.03,25.27,25.76,24.3
MALHARIA 01/25,MLH COMFORT 150,11 - 50,306.0,28.81,28.81,29.08,29.1,29.14,29.19,29.21,29.21,29.21,29.27,29.35,29.35,29.41,29.48,29.48,29.62,29.62,29.67,29.96,30.54,28.81
MALHARIA 01/25,MLH COMFORT 350,70,350.8,28.81,28.81,29.08,29.1,29.14,29.19,29.21,29.21,29.21,29.27,29.35,29.35,29.41,29.48,29.48,29.62,29.62,29.67,29.96,30.54,28.81
MALHARIA 01/25,MLH FLEX 110,11,234.0,26.68,26.68,26.93,26.95,26.98,27.03,27.05,27.05,27.05,27.11,27.18,27.18,27.23,27.3,27.3,27.43,27.43,27.48,27.75,28.28,26.68
MALHARIA 01/25,MLH FROST,01,472.0,42.0,42.0,42.39,42.42,42.47,42.56,42.59,42.59,42.59,42.67,42.79,42.79,42.87,42.98,42.98,43.18,43.18,43.26,43.68,44.52,42.0
MALHARIA 01/25,MLH FROST,21,508.0,42.0,42.0,42.39,42.42,42.47,42.56,42.59,42.59,42.59,42.67,42.79,42.79,42.87,42.98,42.98,43.18,43.18,43.26,43.68,44.52,42.0
MALHARIA 01/25,MLH FROST,50 - 52 - 72,500.1,42.0,42.0,42.39,42.42,42.47,42.56,42.59,42.59,42.59,42.67,42.79,42.79,42.87,42.98,42.98,43.18,43.18,43.26,43.68,44.52,42.0
MALHARIA 01/25,MLH LINEN 100,72 - 74,344.0,41.58,41.58,41.97,42.0,42.05,42.13,42.16,42.16,42.16,42.25,42.36,42.36,42.44,42.55,42.55,42.74,42.74,42.83,43.24,44.07,41.58
MALHARIA 01/25,MLH LINEN 200,72 - 74,349.0,41.58,41.58,41.97,42.0,42.05,42.13,42.16,42.16,42.16,42.25,42.36,42.36,42.44,42.55,42.55,42.74,42.74,42.83,43.24,44.07,41.58
MALHARIA 01/25,MLH LINEN 300,72,362.0,41.58,41.58,41.97,42.0,42.05,42.13,42.16,42.16,42.16,42.25,42.36,42.36,42.44,42.55,42.55,42.74,42.74,42.83,43.24,44.07,41.58
MALHARIA 01/25,MLH LINEN 300,74,362.0,41.58,41.58,41.97,42.0,42.05,42.13,42.16,42.16,42.16,42.25,42.36,42.36,42.44,42.55,42.55,42.74,42.74,42.83,43.24,44.07,41.58
MALHARIA 01/25,MLH LOHMAN,01 - 51 - 56 - 72 - 73,371.8,36.5,36.5,36.84,36.86,36.91,36.99,37.01,37.01,37.01,37.08,37.18,37.18,37.26,37.35,37.35,37.52,37.52,37.6,37.96,38.69,36.5
MALHARIA 01/25,MLH MONTENEGRO,01 - 56 - 72 - 73,392.0,36.5,36.5,36.84,36.86,36.91,36.99,37.01,37.01,37.01,37.08,37.18,37.18,37.26,37.35,37.35,37.52,37.52,37.6,37.96,38.69,36.5
MALHARIA 01/25,MLH MONTENEGRO,51,392.0,36.5,36.5,36.84,36.86,36.91,36.99,37.01,37.01,37.01,37.08,37.18,37.18,37.26,37.35,37.35,37.52,37.52,37.6,37.96,38.69,36.5
MALHARIA 01/25,MLH RIGON,01 - 51 - 56 - 72 - 73,377.0,36.5,36.5,36.84,36.86,36.91,36.99,37.01,37.01,37.01,37.08,37.18,37.18,37.26,37.35,37.35,37.52,37.52,37.6,37.96,38.69,36.5
MALHARIA 01/25,MLH SAMORA,01 - 51 - 56 - 72 - 73,395.0,36.5,36.5,36.84,36.86,36.91,36.99,37.01,37.01,37.01,37.08,37.18,37.18,37.26,37.35,37.35,37.52,37.52,37.6,37.96,38.69,36.5
MALHARIA 01/25,MLH TEXTILE 100,74,268.0,23.07,23.07,23.28,23.3,23.33,23.38,23.39,23.39,23.39,23.44,23.5,23.5,23.55,23.61,23.61,23.72,23.72,23.76,23.99,24.45,23.07
OFFICE 01/25,DETROIT,10 - 11 - 21 - 22 - 31 - 50,293.0,13.5,13.5,13.63,13.64,13.65,13.68,13.69,13.69,13.69,13.72,13.75,13.75,13.78,13.81,13.81,13.88,13.88,13.9,14.04,14.31,13.5
OFFICE 01/25,OFFICE LINE,10 - 23 - 50 - 52,185.1,14.37,14.37,14.5,14.51,14.53,14.56,14.57,14.57,14.57,14.6,14.64,14.64,14.67,14.7,14.7,14.77,14.77,14.8,14.94,15.23,14.37
OFFICE 01/25,OFFICE PLAIN,10 - 23 - 50 - 52,160.0,13.5,13.5,13.63,13.64,13.65,13.68,13.69,13.69,13.69,13.72,13.75,13.75,13.78,13.81,13.81,13.88,13.88,13.9,14.04,14.31,13.5
OFFICE 01/25,OFFICE TOUCH,10 - 23 - 50 - 52,160.0,16.74,16.74,16.9,16.91,16.93,16.96,16.97,16.97,16.97,17.01,17.05,17.05,17.09,17.13,17.13,17.21,17.21,17.24,17.41,17.74,16.74
OFFICE 01/25,REGALL,11 - 12 - 25 - 31 - 51 - 74 - 75,305.4,13.5,13.5,13.63,13.64,13.65,13.68,13.69,13.69,13.69,13.72,13.75,13.75,13.78,13.81,13.81,13.88,13.88,13.9,14.04,14.31,13.5
OFFICE 01/25,SMART OFFICE,18 - 19 - 50,174.6,11.12,11.12,11.22,11.23,11.25,11.27,11.28,11.28,11.28,11.3,11.33,11.33,11.35,11.38,11.38,11.43,11.43,11.45,11.56,11.79,11.12
OFFICE 01/25,SPIN OFFICE,50,,31.55,31.55,31.84,31.87,31.91,31.97,31.99,31.99,31.99,32.05,32.14,32.14,32.2,32.29,32.29,32.43,32.43,32.5,32.81,33.44,31.55
OFFICE 01/25,SPIN OFFICE,52 - 55 - 59 - 72,300.0,31.55,31.55,31.84,31.87,31.91,31.97,31.99,31.99,31.99,32.05,32.14,32.14,32.2,32.29,32.29,32.43,32.43,32.5,32.81,33.44,31.55
OFFICE 01/25,TEX LINE OFFICE,10 - 23 - 50 - 52,173.0,14.37,14.37,14.5,14.51,14.53,14.56,14.57,14.57,14.57,14.6,14.64,14.64,14.67,14.7,14.7,14.77,14.77,14.8,14.94,15.23,14.37
OFFICE 01/25,TILBURY,07 - 18 - 24 - 26 - 27 - 38 - 50 - 51 - 56 - 77 - 78,244.0,12.54,12.54,12.66,12.67,12.68,12.71,12.72,12.72,12.72,12.74,12.77,12.77,12.8,12.83,12.83,12.89,12.89,12.92,13.04,13.29,12.54
